code,name,exchange,sector,size_class,multiplier,tick_size,tick_value_usd,last_price,front_contract,conid,source_url,as_of
ES,E-mini S&P 500,CME,equity,full,50.0,0.25,12.5,7722.0,ESU6,649180671,https://www.cmegroup.com/search.html?q=E-mini%20S%26P%20500,2026-08-31
MES,Micro E-mini S&P 500,CME,equity,micro,5.0,0.25,1.25,7722.0,MESU6,793356217,https://www.cmegroup.com/search.html?q=Micro%20E-mini%20S%26P%20500,2026-08-31
NQ,E-mini Nasdaq-100,CME,equity,full,20.0,0.25,5.0,29491.75,NQU6,770561204,https://www.cmegroup.com/search.html?q=E-mini%20Nasdaq-100,2026-08-31
MNQ,Micro E-mini Nasdaq-100,CME,equity,micro,2.0,0.25,0.5,29491.75,MNQU6,793356225,https://www.cmegroup.com/search.html?q=Micro%20E-mini%20Nasdaq-100,2026-08-31
RTY,E-mini Russell 2000,CME,equity,full,50.0,0.1,5.0,2977.5,RTYU6,793356259,https://www.cmegroup.com/search.html?q=E-mini%20Russell%202000,2026-08-31
M2K,Micro E-mini Russell 2000,CME,equity,micro,5.0,0.1,0.5,2977.5,M2KU6,793356214,https://www.cmegroup.com/search.html?q=Micro%20E-mini%20Russell%202000,2026-08-31
YM,E-mini Dow ($5),CBOT,equity,full,5.0,1.0,5.0,53584.0,YMU6,815824220,https://www.cmegroup.com/search.html?q=E-mini%20Dow%20%28%245%29,2026-08-31
MYM,Micro E-mini Dow,CBOT,equity,micro,0.5,1.0,0.5,53584.0,MYMU6,815824200,https://www.cmegroup.com/search.html?q=Micro%20E-mini%20Dow,2026-08-31
ZT,2-Year T-Note,CBOT,rates,full,2000.0,0.00390625,7.8125,102.765625,ZTU6,842590391,https://www.cmegroup.com/search.html?q=2-Year%20T-Note,2026-08-31
ZF,5-Year T-Note,CBOT,rates,full,1000.0,0.0078125,7.8125,105.921875,ZFU6,842590380,https://www.cmegroup.com/search.html?q=5-Year%20T-Note,2026-08-31
ZN,10-Year T-Note,CBOT,rates,full,1000.0,0.015625,15.625,108.109375,ZNU6,840227361,https://www.cmegroup.com/search.html?q=10-Year%20T-Note,2026-08-31
ZB,30-Year T-Bond,CBOT,rates,full,1000.0,0.03125,31.25,109.6875,ZBU6,840227357,https://www.cmegroup.com/search.html?q=30-Year%20T-Bond,2026-08-31
10Y,Micro 10-Year Yield,CBOT,rates,micro,1000.0,0.001,1.0,4.721,10YQ6,897135098,https://www.cmegroup.com/search.html?q=Micro%2010-Year%20Yield,2026-08-31
GC,Gold,COMEX,metals,full,100.0,0.1,10.0,4478.1,GCU6,760200565,https://www.cmegroup.com/search.html?q=Gold,2026-08-31
MGC,Micro Gold,COMEX,metals,micro,10.0,0.1,1.0,4494.7,MGCV6,744880158,https://www.cmegroup.com/search.html?q=Micro%20Gold,2026-08-31
SI,Silver,COMEX,metals,full,5000.0,0.005,25.0,66.995,SIU6,738529133,https://www.cmegroup.com/search.html?q=Silver,2026-08-31
SIL,Micro Silver (1000 oz),COMEX,metals,micro,1000.0,0.005,5.0,66.995,SILU6,818285268,https://www.cmegroup.com/search.html?q=Micro%20Silver%20%281000%20oz%29,2026-08-31
HG,Copper,COMEX,metals,full,25000.0,0.0005,12.5,6.562,HGU6,499901736,https://www.cmegroup.com/search.html?q=Copper,2026-08-31
MHG,Micro Copper,COMEX,metals,micro,2500.0,0.0005,1.25,6.5915,MHGV6,738529105,https://www.cmegroup.com/search.html?q=Micro%20Copper,2026-08-31
CL,WTI Crude Oil,NYMEX,energy,full,1000.0,0.01,10.0,83.4,CLV6,304037496,https://www.cmegroup.com/search.html?q=WTI%20Crude%20Oil,2026-08-31
MCL,Micro WTI Crude Oil,NYMEX,energy,micro,100.0,0.01,1.0,83.4,MCLV6,661016531,https://www.cmegroup.com/search.html?q=Micro%20WTI%20Crude%20Oil,2026-08-31
NG,Henry Hub Natural Gas,NYMEX,energy,full,10000.0,0.001,10.0,2.888,NGV26,269460151,https://www.cmegroup.com/search.html?q=Henry%20Hub%20Natural%20Gas,2026-08-31
6E,Euro FX,CME,fx,full,125000.0,5e-05,6.25,1.15875,6EU6,513880717,https://www.cmegroup.com/search.html?q=Euro%20FX,2026-08-31
M6E,Micro EUR/USD,CME,fx,micro,12500.0,0.0001,1.25,1.1587,M6EU6,864287498,https://www.cmegroup.com/search.html?q=Micro%20EUR/USD,2026-08-31
6B,British Pound,CME,fx,full,62500.0,0.0001,6.25,1.353,6BU6,513880753,https://www.cmegroup.com/search.html?q=British%20Pound,2026-08-31
M6B,Micro GBP/USD,CME,fx,micro,6250.0,0.0001,0.625,1.353,M6BU6,864287493,https://www.cmegroup.com/search.html?q=Micro%20GBP/USD,2026-08-31
6A,Australian Dollar,CME,fx,full,100000.0,5e-05,5.0,0.7157,6AU6,513880811,https://www.cmegroup.com/search.html?q=Australian%20Dollar,2026-08-31
M6A,Micro AUD/USD,CME,fx,micro,10000.0,0.0001,1.0,0.7157,M6AU6,864287488,https://www.cmegroup.com/search.html?q=Micro%20AUD/USD,2026-08-31
6J,Japanese Yen,CME,fx,full,12500000.0,5e-07,6.25,0.006252,6JU6,513880786,https://www.cmegroup.com/search.html?q=Japanese%20Yen,2026-08-31
