code,sector,size_class,multiplier,tick_size,last_price,front_contract,n_bars,spread_median_ticks,spread_p90_ticks,spread_median_usd,half_spread_bp,commission_usd,exchange_fee_usd,regulatory_fee_usd,fee_note,notional_usd,rt_fees_usd,rt_cost_usd,rt_cost_bp,as_of
ES,equity,full,50.0,0.25,7722.0,ESU6,40,1.0,1.1,12.5,0.163,0.85,1.386,0.011,,386100.0,4.494,16.994,0.4401450401450401,2026-08-31
MES,equity,micro,5.0,0.25,7722.0,MESU6,40,1.0,1.1,1.25,0.163,0.25,0.353,0.011,,38610.0,1.228,2.4779999999999998,0.6418026418026417,2026-08-31
NQ,equity,full,20.0,0.25,29491.75,NQU6,40,2.45,2.92,12.25,0.104,0.85,1.386,0.011,,589835.0,4.494,16.744,0.28387599922012086,2026-08-31
MNQ,equity,micro,2.0,0.25,29491.75,MNQU6,40,1.6,2.01,0.8,0.068,0.25,0.353,0.011,,58983.5,1.228,2.028,0.34382496799952533,2026-08-31
RTY,equity,full,50.0,0.1,2977.5,RTYU6,40,1.55,1.7,7.75,0.259,0.85,1.386,0.011,,148875.0,4.494,12.244,0.8224349286314021,2026-08-31
M2K,equity,micro,5.0,0.1,2977.5,M2KU6,40,1.6,1.7,0.8,0.265,0.25,0.353,0.011,,14887.5,1.228,2.028,1.3622166246851386,2026-08-31
YM,equity,full,5.0,1.0,53584.0,YMU6,40,2.2,2.7,11.0,0.205,0.85,1.38,0.01,,267920.0,4.4799999999999995,15.48,0.5777844132576888,2026-08-31
MYM,equity,micro,0.5,1.0,53584.0,MYMU6,40,1.7,1.9,0.85,0.159,0.25,0.35,0.01,,26792.0,1.22,2.07,0.7726186921469095,2026-08-31
ZT,rates,full,2000.0,0.00390625,102.765625,ZTU6,40,1.0,1.0,7.8125,0.19,0.85,0.65,0.01,,205531.25,3.02,10.8325,0.5270488064467083,2026-08-31
ZF,rates,full,1000.0,0.0078125,105.921875,ZFU6,40,1.0,1.0,7.8125,0.367,0.85,0.65,0.01,,105921.875,3.02,10.8325,1.0226877120519249,2026-08-31
ZN,rates,full,1000.0,0.015625,108.109375,ZNU6,40,1.0,1.0,15.625,0.719,0.85,0.8,0.01,,108109.375,3.32,18.945,1.75239196415667,2026-08-31
ZB,rates,full,1000.0,0.03125,109.6875,ZBU6,40,1.0,1.0,31.25,1.42,0.85,0.87,0.01,,109687.5,3.46,34.71,3.1644444444444444,2026-08-31
10Y,rates,micro,1000.0,0.001,4.721,10YQ6,40,7.5,12.91,7.5,8.01,0.25,0.3,0.01,,4721.0,1.12,8.620000000000001,18.25884346536751,2026-08-31
GC,metals,full,100.0,0.1,4478.1,GCU6,40,5.3,7.99,53.0,0.569,0.85,1.65,0.01,,447810.00000000006,5.02,58.019999999999996,1.2956387753734842,2026-08-31
MGC,metals,micro,10.0,0.1,4494.7,MGCV6,40,3.3,3.8,3.3,0.358,0.25,0.7,0.01,,44947.0,1.92,5.22,1.1613678332257993,2026-08-31
SI,metals,full,5000.0,0.005,66.995,SIU6,40,3.2,4.31,80.0,1.163,0.85,1.65,0.01,,334975.0,5.02,85.02,2.538099858198373,2026-08-31
SIL,metals,micro,1000.0,0.005,66.995,SILU6,40,2.5,4.3,12.5,0.911,0.25,,0.01,SIL absent from IBKR COMEX fee page (only QI e-mini and SIC listed) - exchange fee unknown,66995.0,,,,2026-08-31
HG,metals,full,25000.0,0.0005,6.562,HGU6,40,3.0,4.0,37.5,1.133,0.85,1.65,0.01,,164050.0,5.02,42.519999999999996,2.5918927156354767,2026-08-31
MHG,metals,micro,2500.0,0.0005,6.5915,MHGV6,40,5.5,9.2,6.875,2.074,0.25,0.7,0.01,MHG not named in the e-micro commission list; 0.25 assumed from the e-micro category,16478.75,1.92,8.795,5.337176666919517,2026-08-31
CL,energy,full,1000.0,0.01,83.4,CLV6,40,1.4,1.6,14.0,0.847,0.85,1.5,0.01,,83400.0,4.72,18.72,2.2446043165467624,2026-08-31
MCL,energy,micro,100.0,0.01,83.4,MCLV6,40,1.5,1.6,1.5,0.912,0.25,0.5,0.01,,8340.0,1.52,3.02,3.6211031175059953,2026-08-31
NG,energy,full,10000.0,0.001,2.888,NGV26,40,1.1,1.2,11.0,1.912,0.85,1.6,0.01,,28880.0,4.92,15.92,5.512465373961219,2026-08-31
6E,fx,full,125000.0,5e-05,1.15875,6EU6,40,1.0,2.0,6.25,0.214,0.85,1.6,0.011,,144843.75,4.922000000000001,11.172,0.7713139158576052,2026-08-31
M6E,fx,micro,12500.0,0.0001,1.1587,M6EU6,40,1.0,2.0,1.25,0.429,0.15,0.24,0.011,,14483.75,0.802,2.052,1.4167601622507981,2026-08-31
6B,fx,full,62500.0,0.0001,1.353,6BU6,40,1.0,2.0,6.25,0.368,0.85,1.6,0.011,,84562.5,4.922000000000001,11.172,1.3211529933481152,2026-08-31
M6B,fx,micro,6250.0,0.0001,1.353,M6BU6,40,2.0,2.0,1.25,0.733,0.15,0.24,0.011,,8456.25,0.802,2.052,2.426607538802661,2026-08-31
6A,fx,full,100000.0,5e-05,0.7157,6AU6,40,1.0,2.0,5.0,0.349,0.85,1.6,0.011,,71570.0,4.922000000000001,9.922,1.3863350565879557,2026-08-31
M6A,fx,micro,10000.0,0.0001,0.7157,M6AU6,40,1.0,2.0,1.0,0.698,0.15,0.24,0.011,,7157.0,0.802,1.802,2.517814726840855,2026-08-31
6J,fx,full,12500000.0,5e-07,0.006252,6JU6,40,1.0,2.0,6.25,0.398,0.85,1.6,0.011,,78150.0,4.922000000000001,11.172,1.4295585412667946,2026-08-31
