code,front_contract,n_bars,first_bar,last_bar,spread_median_ticks,spread_p90_ticks,spread_median_usd,half_spread_bp,as_of
ES,ESU6,40,2026-08-24 13:30:00+00:00,2026-08-28 20:00:00+00:00,1.0,1.1,12.5,0.163,2026-08-31
MES,MESU6,40,2026-08-24 13:30:00+00:00,2026-08-28 20:00:00+00:00,1.0,1.1,1.25,0.163,2026-08-31
NQ,NQU6,40,2026-08-24 13:30:00+00:00,2026-08-28 20:00:00+00:00,2.45,2.92,12.25,0.104,2026-08-31
MNQ,MNQU6,40,2026-08-24 13:30:00+00:00,2026-08-28 20:00:00+00:00,1.6,2.01,0.8,0.068,2026-08-31
RTY,RTYU6,40,2026-08-24 13:30:00+00:00,2026-08-28 20:00:00+00:00,1.55,1.7,7.75,0.259,2026-08-31
M2K,M2KU6,40,2026-08-24 13:30:00+00:00,2026-08-28 20:00:00+00:00,1.6,1.7,0.8,0.265,2026-08-31
YM,YMU6,40,2026-08-24 13:30:00+00:00,2026-08-28 20:00:00+00:00,2.2,2.7,11.0,0.205,2026-08-31
MYM,MYMU6,40,2026-08-24 13:30:00+00:00,2026-08-28 20:00:00+00:00,1.7,1.9,0.85,0.159,2026-08-31
ZT,ZTU6,40,2026-08-24 13:30:00+00:00,2026-08-28 20:00:00+00:00,1.0,1.0,7.8125,0.19,2026-08-31
ZF,ZFU6,40,2026-08-24 13:30:00+00:00,2026-08-28 20:00:00+00:00,1.0,1.0,7.8125,0.367,2026-08-31
ZN,ZNU6,40,2026-08-24 13:30:00+00:00,2026-08-28 20:00:00+00:00,1.0,1.0,15.625,0.719,2026-08-31
ZB,ZBU6,40,2026-08-24 13:30:00+00:00,2026-08-28 20:00:00+00:00,1.0,1.0,31.25,1.42,2026-08-31
10Y,10YQ6,40,2026-08-24 13:30:00+00:00,2026-08-28 20:00:00+00:00,7.5,12.91,7.5,8.01,2026-08-31
GC,GCU6,40,2026-08-24 13:30:00+00:00,2026-08-28 20:00:00+00:00,5.3,7.99,53.0,0.569,2026-08-31
MGC,MGCV6,40,2026-08-24 13:30:00+00:00,2026-08-28 20:00:00+00:00,3.3,3.8,3.3,0.358,2026-08-31
SI,SIU6,40,2026-08-24 13:30:00+00:00,2026-08-28 20:00:00+00:00,3.2,4.31,80.0,1.163,2026-08-31
SIL,SILU6,40,2026-08-24 13:30:00+00:00,2026-08-28 20:00:00+00:00,2.5,4.3,12.5,0.911,2026-08-31
HG,HGU6,40,2026-08-24 13:30:00+00:00,2026-08-28 20:00:00+00:00,3.0,4.0,37.5,1.133,2026-08-31
MHG,MHGV6,40,2026-08-24 13:30:00+00:00,2026-08-28 20:00:00+00:00,5.5,9.2,6.875,2.074,2026-08-31
CL,CLV6,40,2026-08-24 13:30:00+00:00,2026-08-28 20:00:00+00:00,1.4,1.6,14.0,0.847,2026-08-31
MCL,MCLV6,40,2026-08-24 13:30:00+00:00,2026-08-28 20:00:00+00:00,1.5,1.6,1.5,0.912,2026-08-31
NG,NGV26,40,2026-08-24 13:30:00+00:00,2026-08-28 20:00:00+00:00,1.1,1.2,11.0,1.912,2026-08-31
6E,6EU6,40,2026-08-24 13:30:00+00:00,2026-08-28 20:00:00+00:00,1.0,2.0,6.25,0.214,2026-08-31
M6E,M6EU6,40,2026-08-24 13:30:00+00:00,2026-08-28 20:00:00+00:00,1.0,2.0,1.25,0.429,2026-08-31
6B,6BU6,40,2026-08-24 13:30:00+00:00,2026-08-28 20:00:00+00:00,1.0,2.0,6.25,0.368,2026-08-31
M6B,M6BU6,40,2026-08-24 13:30:00+00:00,2026-08-28 20:00:00+00:00,2.0,2.0,1.25,0.733,2026-08-31
6A,6AU6,40,2026-08-24 13:30:00+00:00,2026-08-28 20:00:00+00:00,1.0,2.0,5.0,0.349,2026-08-31
M6A,M6AU6,40,2026-08-24 13:30:00+00:00,2026-08-28 20:00:00+00:00,1.0,2.0,1.0,0.698,2026-08-31
6J,6JU6,40,2026-08-24 13:30:00+00:00,2026-08-28 20:00:00+00:00,1.0,2.0,6.25,0.398,2026-08-31
